[
    {
        "id": 88,
        "img": "/images/soup-2.jpg",
        "title": "Soupy Noodles",
        "description": "Take your boring salads up a knotch. This recipe is perfect for lunch and only contains 5 ingredients!",
        "ingredients": ["1 cup all-purpose flour", "2 tablespoons sugar","teaspoon baking powder","1/2 teaspoon baking soda","1/4 teaspoon salt",
    "1 cup buttermilk (or 1 cup milk with 1 tablespoon white vinegar or lemon juice)","1 large egg","2 tablespoons unsalted butter, melted",
"1 teaspoon vanilla extract (optional)","Cooking oil or butter for greasing the pan"],
      "steps": ["Preheat Your Griddle or Pan", "Prepare the Dry Ingredients","Prepare the Wet Ingredients","Combine Wet and Dry Ingredients",
    "Grease the Griddle or Pan","Cook the Pancakes","Flip the Pancakes","Serve","Serve with Toppings"]
    },
    {
        "id":89,
        "img":"/images/Veg-manchurian.jpg",
        "title":"Veg Manchurian",
        "description":"Fear Risotto no more! This simple recipe is perfect for family dinners.",
        "ingredients": ["1 cup all-purpose flour", "2 tablespoons sugar","teaspoon baking powder","1/2 teaspoon baking soda","1/4 teaspoon salt",
    "1 cup buttermilk (or 1 cup milk with 1 tablespoon white vinegar or lemon juice)","1 large egg","2 tablespoons unsalted butter, melted",
"1 teaspoon vanilla extract (optional)","Cooking oil or butter for greasing the pan"],
      "steps": ["Preheat Your Griddle or Pan", "Prepare the Dry Ingredients","Prepare the Wet Ingredients","Combine Wet and Dry Ingredients",
    "Grease the Griddle or Pan","Cook the Pancakes","Flip the Pancakes","Serve","Serve with Toppings"]
    },
    {
        "id":90,
        "img":"/images/momo.avif",
        "title":"Momos",
        "description":"Baked Cod with Vegetables. 30 minute meal!",
        "ingredients": ["1 cup all-purpose flour", "2 tablespoons sugar","teaspoon baking powder","1/2 teaspoon baking soda","1/4 teaspoon salt",
    "1 cup buttermilk (or 1 cup milk with 1 tablespoon white vinegar or lemon juice)","1 large egg","2 tablespoons unsalted butter, melted",
"1 teaspoon vanilla extract (optional)","Cooking oil or butter for greasing the pan"],
      "steps": ["Preheat Your Griddle or Pan", "Prepare the Dry Ingredients","Prepare the Wet Ingredients","Combine Wet and Dry Ingredients",
    "Grease the Griddle or Pan","Cook the Pancakes","Flip the Pancakes","Serve","Serve with Toppings"]
    },
  {
    "id": 91,
    "title": " Chicken Manchurian",
    "img": "/images/ChickenManchurian.png",
    "description":"Take your boring salads up a knotch. This recipe is perfect for lunch and only contains 5 ingredients!",
    "ingredients": ["1 cup all-purpose flour", "2 tablespoons sugar","teaspoon baking powder","1/2 teaspoon baking soda","1/4 teaspoon salt",
    "1 cup buttermilk (or 1 cup milk with 1 tablespoon white vinegar or lemon juice)","1 large egg","2 tablespoons unsalted butter, melted",
"1 teaspoon vanilla extract (optional)","Cooking oil or butter for greasing the pan"],
      "steps": ["Preheat Your Griddle or Pan", "Prepare the Dry Ingredients","Prepare the Wet Ingredients","Combine Wet and Dry Ingredients",
    "Grease the Griddle or Pan","Cook the Pancakes","Flip the Pancakes","Serve","Serve with Toppings"]
  }
  ]
  