[
    {
        "id": 42,
        "img": "/images/chicken curry.jpg",
        "title": "Chicken Gravy",
        "isFavorite": false,
        "description": "Take your boring salads up a knotch. This recipe is perfect for lunch and only contains 5 ingredients!",
        "ingredients": ["1 cup all-purpose flour", "2 tablespoons sugar","teaspoon baking powder","1/2 teaspoon baking soda","1/4 teaspoon salt",
    "1 cup buttermilk (or 1 cup milk with 1 tablespoon white vinegar or lemon juice)","1 large egg","2 tablespoons unsalted butter, melted",
"1 teaspoon vanilla extract (optional)","Cooking oil or butter for greasing the pan"],
      "steps": ["Preheat Your Griddle or Pan", "Prepare the Dry Ingredients","Prepare the Wet Ingredients","Combine Wet and Dry Ingredients",
    "Grease the Griddle or Pan","Cook the Pancakes","Flip the Pancakes","Serve","Serve with Toppings"]
    },
    {
        "id":43,
        "img":"/images/butter chicken.jpg",
        "isFavorite": false,
        "title":"Butter Chicken",
        "description":"Fear Risotto no more! This simple recipe is perfect for family dinners.",
        "ingredients": ["1 cup all-purpose flour", "2 tablespoons sugar","teaspoon baking powder","1/2 teaspoon baking soda","1/4 teaspoon salt",
    "1 cup buttermilk (or 1 cup milk with 1 tablespoon white vinegar or lemon juice)","1 large egg","2 tablespoons unsalted butter, melted",
"1 teaspoon vanilla extract (optional)","Cooking oil or butter for greasing the pan"],
      "steps": ["Preheat Your Griddle or Pan", "Prepare the Dry Ingredients","Prepare the Wet Ingredients","Combine Wet and Dry Ingredients",
    "Grease the Griddle or Pan","Cook the Pancakes","Flip the Pancakes","Serve","Serve with Toppings"]
    },
    {
        "id":44,
        "img":"/images/paneerbutter masala.jpg",
        "title":"Paneer Butter Masala",
        "isFavorite": false,
        "description":"Baked Cod with Vegetables. 30 minute meal!",
        "ingredients": ["1 cup all-purpose flour", "2 tablespoons sugar","teaspoon baking powder","1/2 teaspoon baking soda","1/4 teaspoon salt",
    "1 cup buttermilk (or 1 cup milk with 1 tablespoon white vinegar or lemon juice)","1 large egg","2 tablespoons unsalted butter, melted",
"1 teaspoon vanilla extract (optional)","Cooking oil or butter for greasing the pan"],
      "steps": ["Preheat Your Griddle or Pan", "Prepare the Dry Ingredients","Prepare the Wet Ingredients","Combine Wet and Dry Ingredients",
    "Grease the Griddle or Pan","Cook the Pancakes","Flip the Pancakes","Serve","Serve with Toppings"]
    },
  {
    "id": 45,
    "title": "Malai Kofta",
    "isFavorite": false,
    "img": "/images/malai kofta.jpg",
    "description":"Take your boring salads up a knotch. This recipe is perfect for lunch and only contains 5 ingredients!",
    "ingredients": ["1 cup all-purpose flour", "2 tablespoons sugar","teaspoon baking powder","1/2 teaspoon baking soda","1/4 teaspoon salt",
    "1 cup buttermilk (or 1 cup milk with 1 tablespoon white vinegar or lemon juice)","1 large egg","2 tablespoons unsalted butter, melted",
"1 teaspoon vanilla extract (optional)","Cooking oil or butter for greasing the pan"],
      "steps": ["Preheat Your Griddle or Pan", "Prepare the Dry Ingredients","Prepare the Wet Ingredients","Combine Wet and Dry Ingredients",
    "Grease the Griddle or Pan","Cook the Pancakes","Flip the Pancakes","Serve","Serve with Toppings"]
  }
  ]
  