[
    {
        "id": 1,
        "img": "/images/gulab.jpg",
        "title": "Gulab Jamun",
        "description": "Take your boring salads up a knotch. This recipe is perfect for lunch and only contains 5 ingredients!",
        "ingredients": ["1 cup all-purpose flour", "2 tablespoons sugar","teaspoon baking powder","1/2 teaspoon baking soda","1/4 teaspoon salt",
    "1 cup buttermilk (or 1 cup milk with 1 tablespoon white vinegar or lemon juice)","1 large egg","2 tablespoons unsalted butter, melted",
    "1 teaspoon vanilla extract (optional)","Cooking oil or butter for greasing the pan"],
    "steps": ["Preheat Your Griddle or Pan", "Prepare the Dry Ingredients","Prepare the Wet Ingredients","Combine Wet and Dry Ingredients",
    "Grease the Griddle or Pan","Cook the Pancakes","Flip the Pancakes","Serve","Serve with Toppings"]
    },
    {
        "id":2,
        "img":"/images/banana pan.jpg",
        "title":"Banana Pancake",
        "description":"Fear Risotto no more! This simple recipe is perfect for family dinners.",
        "ingredients": ["1 cup all-purpose flour", "2 tablespoons sugar","teaspoon baking powder","1/2 teaspoon baking soda","1/4 teaspoon salt",
    "1 cup buttermilk (or 1 cup milk with 1 tablespoon white vinegar or lemon juice)","1 large egg","2 tablespoons unsalted butter, melted",
    "1 teaspoon vanilla extract (optional)","Cooking oil or butter for greasing the pan"],
    "steps": ["Preheat Your Griddle or Pan", "Prepare the Dry Ingredients","Prepare the Wet Ingredients","Combine Wet and Dry Ingredients",
    "Grease the Griddle or Pan","Cook the Pancakes","Flip the Pancakes","Serve","Serve with Toppings"]
    },
    {
        "id":3,
        "img":"/images/brownie wit.jpg",
        "title":"Choco Overload Brownie",
        "description":"Baked Cod with Vegetables. 30 minute meal!",
        "ingredients": ["1 cup all-purpose flour", "2 tablespoons sugar","teaspoon baking powder","1/2 teaspoon baking soda","1/4 teaspoon salt",
    "1 cup buttermilk (or 1 cup milk with 1 tablespoon white vinegar or lemon juice)","1 large egg","2 tablespoons unsalted butter, melted",
    "1 teaspoon vanilla extract (optional)","Cooking oil or butter for greasing the pan"],
    "steps": ["Preheat Your Griddle or Pan", "Prepare the Dry Ingredients","Prepare the Wet Ingredients","Combine Wet and Dry Ingredients",
    "Grease the Griddle or Pan","Cook the Pancakes","Flip the Pancakes","Serve","Serve with Toppings"]
    },
    {
    "id": 4,
    "title": "Cocoa Cake",
    "img": "/images/cocoa cake.jpg",
    "description":"Take your boring salads up a knotch. This recipe is perfect for lunch and only contains 5 ingredients!",
    "ingredients": ["1 cup all-purpose flour", "2 tablespoons sugar","teaspoon baking powder","1/2 teaspoon baking soda","1/4 teaspoon salt",
    "1 cup buttermilk (or 1 cup milk with 1 tablespoon white vinegar or lemon juice)","1 large egg","2 tablespoons unsalted butter, melted",
    "1 teaspoon vanilla extract (optional)","Cooking oil or butter for greasing the pan"],
    "steps": ["Preheat Your Griddle or Pan", "Prepare the Dry Ingredients","Prepare the Wet Ingredients","Combine Wet and Dry Ingredients",
    "Grease the Griddle or Pan","Cook the Pancakes","Flip the Pancakes","Serve","Serve with Toppings"]
    },
    {
    "id": 5,
    "title": "Choco Waffle",
    "img": "/images/choco waffle.jpg",
    "description":"Take your boring salads up a knotch. This recipe is perfect for lunch and only contains 5 ingredients!",
    "ingredients": ["1 cup all-purpose flour", "2 tablespoons sugar","teaspoon baking powder","1/2 teaspoon baking soda","1/4 teaspoon salt",
    "1 cup buttermilk (or 1 cup milk with 1 tablespoon white vinegar or lemon juice)","1 large egg","2 tablespoons unsalted butter, melted",
    "1 teaspoon vanilla extract (optional)","Cooking oil or butter for greasing the pan"],
    "steps": ["Preheat Your Griddle or Pan", "Prepare the Dry Ingredients","Prepare the Wet Ingredients","Combine Wet and Dry Ingredients",
    "Grease the Griddle or Pan","Cook the Pancakes","Flip the Pancakes","Serve","Serve with Toppings"]
    },
    {
    "id": 6,
    "title": "Jalebi",
    "img": "/images/jalebi.jpg",
    "description":"Take your boring salads up a knotch. This recipe is perfect for lunch and only contains 5 ingredients!",
    "ingredients": ["1 cup all-purpose flour", "2 tablespoons sugar","teaspoon baking powder","1/2 teaspoon baking soda","1/4 teaspoon salt",
    "1 cup buttermilk (or 1 cup milk with 1 tablespoon white vinegar or lemon juice)","1 large egg","2 tablespoons unsalted butter, melted",
    "1 teaspoon vanilla extract (optional)","Cooking oil or butter for greasing the pan"],
    "steps": ["Preheat Your Griddle or Pan", "Prepare the Dry Ingredients","Prepare the Wet Ingredients","Combine Wet and Dry Ingredients",
    "Grease the Griddle or Pan","Cook the Pancakes","Flip the Pancakes","Serve","Serve with Toppings"]
    },
    {
    "id": 7,
    "title": "Biscuit Tiramisu",
    "img": "/images/biscuit tiramisu.jpg",
    "description":"Take your boring salads up a knotch. This recipe is perfect for lunch and only contains 5 ingredients!",
    "ingredients": ["1 cup all-purpose flour", "2 tablespoons sugar","teaspoon baking powder","1/2 teaspoon baking soda","1/4 teaspoon salt",
    "1 cup buttermilk (or 1 cup milk with 1 tablespoon white vinegar or lemon juice)","1 large egg","2 tablespoons unsalted butter, melted",
    "1 teaspoon vanilla extract (optional)","Cooking oil or butter for greasing the pan"],
    "steps": ["Preheat Your Griddle or Pan", "Prepare the Dry Ingredients","Prepare the Wet Ingredients","Combine Wet and Dry Ingredients",
    "Grease the Griddle or Pan","Cook the Pancakes","Flip the Pancakes","Serve","Serve with Toppings"]
    },
    {
    "id": 8,
    "title": "Rasgulla",
    "img": "/images/Rasgulla.jpg",
    "description":"Take your boring salads up a knotch. This recipe is perfect for lunch and only contains 5 ingredients!",
    "ingredients": ["1 cup all-purpose flour", "2 tablespoons sugar","teaspoon baking powder","1/2 teaspoon baking soda","1/4 teaspoon salt",
    "1 cup buttermilk (or 1 cup milk with 1 tablespoon white vinegar or lemon juice)","1 large egg","2 tablespoons unsalted butter, melted",
    "1 teaspoon vanilla extract (optional)","Cooking oil or butter for greasing the pan"],
    "steps": ["Preheat Your Griddle or Pan", "Prepare the Dry Ingredients","Prepare the Wet Ingredients","Combine Wet and Dry Ingredients",
    "Grease the Griddle or Pan","Cook the Pancakes","Flip the Pancakes","Serve","Serve with Toppings"]
    },
    {
        "id": 9,
        "img": "/images/pepper stcks.webp",
        "title": "Pepper Sticks",
        "description": "Take your boring salads up a knotch. This recipe is perfect for lunch and only contains 5 ingredients!",
        "ingredients": ["1 cup all-purpose flour", "2 tablespoons sugar","teaspoon baking powder","1/2 teaspoon baking soda","1/4 teaspoon salt",
    "1 cup buttermilk (or 1 cup milk with 1 tablespoon white vinegar or lemon juice)","1 large egg","2 tablespoons unsalted butter, melted",
    "1 teaspoon vanilla extract (optional)","Cooking oil or butter for greasing the pan"],
    "steps": ["Preheat Your Griddle or Pan", "Prepare the Dry Ingredients","Prepare the Wet Ingredients","Combine Wet and Dry Ingredients",
    "Grease the Griddle or Pan","Cook the Pancakes","Flip the Pancakes","Serve","Serve with Toppings"]
    },
    {
        "id":10,
        "img":"/images/tandoori-chicken.jpg",
        "title":"Tandoori Chicken",
        "description":"Fear Risotto no more! This simple recipe is perfect for family dinners.",
        "ingredients": ["1 cup all-purpose flour", "2 tablespoons sugar","teaspoon baking powder","1/2 teaspoon baking soda","1/4 teaspoon salt",
    "1 cup buttermilk (or 1 cup milk with 1 tablespoon white vinegar or lemon juice)","1 large egg","2 tablespoons unsalted butter, melted",
    "1 teaspoon vanilla extract (optional)","Cooking oil or butter for greasing the pan"],
    "steps": ["Preheat Your Griddle or Pan", "Prepare the Dry Ingredients","Prepare the Wet Ingredients","Combine Wet and Dry Ingredients",
    "Grease the Griddle or Pan","Cook the Pancakes","Flip the Pancakes","Serve","Serve with Toppings"]
    },
    {
        "id":11,
        "img":"/images/grilled chick.jpg",
        "title":"Grilled Chicken",
        "description":"Baked Cod with Vegetables. 30 minute meal!",
        "ingredients": ["1 cup all-purpose flour", "2 tablespoons sugar","teaspoon baking powder","1/2 teaspoon baking soda","1/4 teaspoon salt",
    "1 cup buttermilk (or 1 cup milk with 1 tablespoon white vinegar or lemon juice)","1 large egg","2 tablespoons unsalted butter, melted",
    "1 teaspoon vanilla extract (optional)","Cooking oil or butter for greasing the pan"],
    "steps": ["Preheat Your Griddle or Pan", "Prepare the Dry Ingredients","Prepare the Wet Ingredients","Combine Wet and Dry Ingredients",
    "Grease the Griddle or Pan","Cook the Pancakes","Flip the Pancakes","Serve","Serve with Toppings"]
    },
    {
    "id": 12,
    "title": "Paneer Tikka",
    "img": "/images/Paneer tikka.jpg",
    "description":"Take your boring salads up a knotch. This recipe is perfect for lunch and only contains 5 ingredients!",
    "ingredients": ["1 cup all-purpose flour", "2 tablespoons sugar","teaspoon baking powder","1/2 teaspoon baking soda","1/4 teaspoon salt",
    "1 cup buttermilk (or 1 cup milk with 1 tablespoon white vinegar or lemon juice)","1 large egg","2 tablespoons unsalted butter, melted",
    "1 teaspoon vanilla extract (optional)","Cooking oil or butter for greasing the pan"],
    "steps": ["Preheat Your Griddle or Pan", "Prepare the Dry Ingredients","Prepare the Wet Ingredients","Combine Wet and Dry Ingredients",
    "Grease the Griddle or Pan","Cook the Pancakes","Flip the Pancakes","Serve","Serve with Toppings"]
    },
    {
    "id": 13,
    "title": "Honey Chicken",
    "img": "/images/Honey Chicken.jpg",
    "description":"Take your boring salads up a knotch. This recipe is perfect for lunch and only contains 5 ingredients!",
    "ingredients": ["1 cup all-purpose flour", "2 tablespoons sugar","teaspoon baking powder","1/2 teaspoon baking soda","1/4 teaspoon salt",
    "1 cup buttermilk (or 1 cup milk with 1 tablespoon white vinegar or lemon juice)","1 large egg","2 tablespoons unsalted butter, melted",
    "1 teaspoon vanilla extract (optional)","Cooking oil or butter for greasing the pan"],
    "steps": ["Preheat Your Griddle or Pan", "Prepare the Dry Ingredients","Prepare the Wet Ingredients","Combine Wet and Dry Ingredients",
    "Grease the Griddle or Pan","Cook the Pancakes","Flip the Pancakes","Serve","Serve with Toppings"]
    },
    {
    "id": 14,
    "title": "Vadai",
    "img": "/images/vadai.jpg",
    "description":"Take your boring salads up a knotch. This recipe is perfect for lunch and only contains 5 ingredients!",
    "ingredients": ["1 cup all-purpose flour", "2 tablespoons sugar","teaspoon baking powder","1/2 teaspoon baking soda","1/4 teaspoon salt",
    "1 cup buttermilk (or 1 cup milk with 1 tablespoon white vinegar or lemon juice)","1 large egg","2 tablespoons unsalted butter, melted",
    "1 teaspoon vanilla extract (optional)","Cooking oil or butter for greasing the pan"],
    "steps": ["Preheat Your Griddle or Pan", "Prepare the Dry Ingredients","Prepare the Wet Ingredients","Combine Wet and Dry Ingredients",
    "Grease the Griddle or Pan","Cook the Pancakes","Flip the Pancakes","Serve","Serve with Toppings"]
    },
    {
    "id": 15,
    "title": "Bonda",
    "img": "/images/bonda.jpg",
    "description":"Take your boring salads up a knotch. This recipe is perfect for lunch and only contains 5 ingredients!",
    "ingredients": ["1 cup all-purpose flour", "2 tablespoons sugar","teaspoon baking powder","1/2 teaspoon baking soda","1/4 teaspoon salt",
    "1 cup buttermilk (or 1 cup milk with 1 tablespoon white vinegar or lemon juice)","1 large egg","2 tablespoons unsalted butter, melted",
    "1 teaspoon vanilla extract (optional)","Cooking oil or butter for greasing the pan"],
    "steps": ["Preheat Your Griddle or Pan", "Prepare the Dry Ingredients","Prepare the Wet Ingredients","Combine Wet and Dry Ingredients",
    "Grease the Griddle or Pan","Cook the Pancakes","Flip the Pancakes","Serve","Serve with Toppings"]
    },
    {
    "id":16,
    "img":"/images/Chicken-Barbeque-Kebab.jpg",
    "title":"Chicken Kebab",
    "description":"Baked Cod with Vegetables. 30 minute meal!",
    "ingredients": ["1 cup all-purpose flour", "2 tablespoons sugar","teaspoon baking powder","1/2 teaspoon baking soda","1/4 teaspoon salt",
    "1 cup buttermilk (or 1 cup milk with 1 tablespoon white vinegar or lemon juice)","1 large egg","2 tablespoons unsalted butter, melted",
    "1 teaspoon vanilla extract (optional)","Cooking oil or butter for greasing the pan"],
    "steps": ["Preheat Your Griddle or Pan", "Prepare the Dry Ingredients","Prepare the Wet Ingredients","Combine Wet and Dry Ingredients",
    "Grease the Griddle or Pan","Cook the Pancakes","Flip the Pancakes","Serve","Serve with Toppings"]
    },
    {
        "id": 17,
        "img": "/images/choco_delight_milkshake.jpg",
        "title": "Choco Delight",
        "description": "Take your boring salads up a knotch. This recipe is perfect for lunch and only contains 5 ingredients!",
        "ingredients": ["1 cup all-purpose flour", "2 tablespoons sugar","teaspoon baking powder","1/2 teaspoon baking soda","1/4 teaspoon salt",
    "1 cup buttermilk (or 1 cup milk with 1 tablespoon white vinegar or lemon juice)","1 large egg","2 tablespoons unsalted butter, melted",
    "1 teaspoon vanilla extract (optional)","Cooking oil or butter for greasing the pan"],
    "steps": ["Preheat Your Griddle or Pan", "Prepare the Dry Ingredients","Prepare the Wet Ingredients","Combine Wet and Dry Ingredients",
    "Grease the Griddle or Pan","Cook the Pancakes","Flip the Pancakes","Serve","Serve with Toppings"]
    },
    {
        "id":18,
        "img":"/images/strawberrymilkshake.jpg",
        "title":"Strawberry Milkshake",
        "description":"Baked Cod with Vegetables. 30 minute meal!",
        "ingredients": ["1 cup all-purpose flour", "2 tablespoons sugar","teaspoon baking powder","1/2 teaspoon baking soda","1/4 teaspoon salt",
    "1 cup buttermilk (or 1 cup milk with 1 tablespoon white vinegar or lemon juice)","1 large egg","2 tablespoons unsalted butter, melted",
    "1 teaspoon vanilla extract (optional)","Cooking oil or butter for greasing the pan"],
    "steps": ["Preheat Your Griddle or Pan", "Prepare the Dry Ingredients","Prepare the Wet Ingredients","Combine Wet and Dry Ingredients",
    "Grease the Griddle or Pan","Cook the Pancakes","Flip the Pancakes","Serve","Serve with Toppings"]
    },
    {
        "id":19,
        "img":"/images/chocomilkshake.jpg",
        "title":"Chocolate Milkshake",
        "description":"Fear Risotto no more! This simple recipe is perfect for family dinners.",
        "ingredients": ["1 cup all-purpose flour", "2 tablespoons sugar","teaspoon baking powder","1/2 teaspoon baking soda","1/4 teaspoon salt",
    "1 cup buttermilk (or 1 cup milk with 1 tablespoon white vinegar or lemon juice)","1 large egg","2 tablespoons unsalted butter, melted",
    "1 teaspoon vanilla extract (optional)","Cooking oil or butter for greasing the pan"],
    "steps": ["Preheat Your Griddle or Pan", "Prepare the Dry Ingredients","Prepare the Wet Ingredients","Combine Wet and Dry Ingredients",
    "Grease the Griddle or Pan","Cook the Pancakes","Flip the Pancakes","Serve","Serve with Toppings"]
    },
    {
    "id": 20,
    "title": "Coco Overload Milkshake",
    "img": "/images/Choco Overload milk.jpg",
    "description":"Take your boring salads up a knotch. This recipe is perfect for lunch and only contains 5 ingredients!",
    "ingredients": ["1 cup all-purpose flour", "2 tablespoons sugar","teaspoon baking powder","1/2 teaspoon baking soda","1/4 teaspoon salt",
    "1 cup buttermilk (or 1 cup milk with 1 tablespoon white vinegar or lemon juice)","1 large egg","2 tablespoons unsalted butter, melted",
    "1 teaspoon vanilla extract (optional)","Cooking oil or butter for greasing the pan"],
    "steps": ["Preheat Your Griddle or Pan", "Prepare the Dry Ingredients","Prepare the Wet Ingredients","Combine Wet and Dry Ingredients",
    "Grease the Griddle or Pan","Cook the Pancakes","Flip the Pancakes","Serve","Serve with Toppings"]
    },
    {
    "id": 21,
    "title": "Banana Milkshake",
    "img": "/images/Banana shake.jpg",
    "description":"Take your boring salads up a knotch. This recipe is perfect for lunch and only contains 5 ingredients!",
    "ingredients": ["1 cup all-purpose flour", "2 tablespoons sugar","teaspoon baking powder","1/2 teaspoon baking soda","1/4 teaspoon salt",
    "1 cup buttermilk (or 1 cup milk with 1 tablespoon white vinegar or lemon juice)","1 large egg","2 tablespoons unsalted butter, melted",
    "1 teaspoon vanilla extract (optional)","Cooking oil or butter for greasing the pan"],
    "steps": ["Preheat Your Griddle or Pan", "Prepare the Dry Ingredients","Prepare the Wet Ingredients","Combine Wet and Dry Ingredients",
    "Grease the Griddle or Pan","Cook the Pancakes","Flip the Pancakes","Serve","Serve with Toppings"]
    },
    {
        "id": 22,
        "img": "/images/veg mayo.jpg",
        "title": "Veg Mayo Sandwich",
        "description": "Take your boring salads up a knotch. This recipe is perfect for lunch and only contains 5 ingredients!",
        "ingredients": ["1 cup all-purpose flour", "2 tablespoons sugar","teaspoon baking powder","1/2 teaspoon baking soda","1/4 teaspoon salt",
    "1 cup buttermilk (or 1 cup milk with 1 tablespoon white vinegar or lemon juice)","1 large egg","2 tablespoons unsalted butter, melted",
    "1 teaspoon vanilla extract (optional)","Cooking oil or butter for greasing the pan"],
    "steps": ["Preheat Your Griddle or Pan", "Prepare the Dry Ingredients","Prepare the Wet Ingredients","Combine Wet and Dry Ingredients",
    "Grease the Griddle or Pan","Cook the Pancakes","Flip the Pancakes","Serve","Serve with Toppings"]
    },
    {
        "id":23,
        "img":"/images/chicken burger2.jpg",
        "title":"Chicken Burger",
        "description":"Fear Risotto no more! This simple recipe is perfect for family dinners.",
        "ingredients": ["1 cup all-purpose flour", "2 tablespoons sugar","teaspoon baking powder","1/2 teaspoon baking soda","1/4 teaspoon salt",
    "1 cup buttermilk (or 1 cup milk with 1 tablespoon white vinegar or lemon juice)","1 large egg","2 tablespoons unsalted butter, melted",
    "1 teaspoon vanilla extract (optional)","Cooking oil or butter for greasing the pan"],
    "steps": ["Preheat Your Griddle or Pan", "Prepare the Dry Ingredients","Prepare the Wet Ingredients","Combine Wet and Dry Ingredients",
    "Grease the Griddle or Pan","Cook the Pancakes","Flip the Pancakes","Serve","Serve with Toppings"]
    },
    {
        "id":24,
        "img":"/images/Chicken sanf.webp",
        "title":"Chicken Sandwich",
        "description":"Baked Cod with Vegetables. 30 minute meal!",
        "ingredients": ["1 cup all-purpose flour", "2 tablespoons sugar","teaspoon baking powder","1/2 teaspoon baking soda","1/4 teaspoon salt",
    "1 cup buttermilk (or 1 cup milk with 1 tablespoon white vinegar or lemon juice)","1 large egg","2 tablespoons unsalted butter, melted",
    "1 teaspoon vanilla extract (optional)","Cooking oil or butter for greasing the pan"],
    "steps": ["Preheat Your Griddle or Pan", "Prepare the Dry Ingredients","Prepare the Wet Ingredients","Combine Wet and Dry Ingredients",
    "Grease the Griddle or Pan","Cook the Pancakes","Flip the Pancakes","Serve","Serve with Toppings"]
    },
    {
        "id":25,
        "img":"/images/Veg Burger.jpg",
        "title":"Veg Burger",
        "description":"Baked Cod with Vegetables. 30 minute meal!",
        "ingredients": ["1 cup all-purpose flour", "2 tablespoons sugar","teaspoon baking powder","1/2 teaspoon baking soda","1/4 teaspoon salt",
    "1 cup buttermilk (or 1 cup milk with 1 tablespoon white vinegar or lemon juice)","1 large egg","2 tablespoons unsalted butter, melted",
    "1 teaspoon vanilla extract (optional)","Cooking oil or butter for greasing the pan"],
    "steps": ["Preheat Your Griddle or Pan", "Prepare the Dry Ingredients","Prepare the Wet Ingredients","Combine Wet and Dry Ingredients",
    "Grease the Griddle or Pan","Cook the Pancakes","Flip the Pancakes","Serve","Serve with Toppings"]
    },
    {
        "id": 26,
        "img": "/images/chicken curry.jpg",
        "title": "Chicken Gravy",
        "description": "Take your boring salads up a knotch. This recipe is perfect for lunch and only contains 5 ingredients!",
        "ingredients": ["1 cup all-purpose flour", "2 tablespoons sugar","teaspoon baking powder","1/2 teaspoon baking soda","1/4 teaspoon salt",
    "1 cup buttermilk (or 1 cup milk with 1 tablespoon white vinegar or lemon juice)","1 large egg","2 tablespoons unsalted butter, melted",
    "1 teaspoon vanilla extract (optional)","Cooking oil or butter for greasing the pan"],
    "steps": ["Preheat Your Griddle or Pan", "Prepare the Dry Ingredients","Prepare the Wet Ingredients","Combine Wet and Dry Ingredients",
    "Grease the Griddle or Pan","Cook the Pancakes","Flip the Pancakes","Serve","Serve with Toppings"]
    },
    {
        "id":27,
        "img":"/images/butter chicken.jpg",
        "title":"Butter Chicken",
        "description":"Fear Risotto no more! This simple recipe is perfect for family dinners.",
        "ingredients": ["1 cup all-purpose flour", "2 tablespoons sugar","teaspoon baking powder","1/2 teaspoon baking soda","1/4 teaspoon salt",
    "1 cup buttermilk (or 1 cup milk with 1 tablespoon white vinegar or lemon juice)","1 large egg","2 tablespoons unsalted butter, melted",
    "1 teaspoon vanilla extract (optional)","Cooking oil or butter for greasing the pan"],
    "steps": ["Preheat Your Griddle or Pan", "Prepare the Dry Ingredients","Prepare the Wet Ingredients","Combine Wet and Dry Ingredients",
    "Grease the Griddle or Pan","Cook the Pancakes","Flip the Pancakes","Serve","Serve with Toppings"]
    },
    {
        "id":28,
        "img":"/images/paneerbutter masala.jpg",
        "title":"Paneer Butter Masala",
        "description":"Baked Cod with Vegetables. 30 minute meal!",
        "ingredients": ["1 cup all-purpose flour", "2 tablespoons sugar","teaspoon baking powder","1/2 teaspoon baking soda","1/4 teaspoon salt",
    "1 cup buttermilk (or 1 cup milk with 1 tablespoon white vinegar or lemon juice)","1 large egg","2 tablespoons unsalted butter, melted",
    "1 teaspoon vanilla extract (optional)","Cooking oil or butter for greasing the pan"],
    "steps": ["Preheat Your Griddle or Pan", "Prepare the Dry Ingredients","Prepare the Wet Ingredients","Combine Wet and Dry Ingredients",
    "Grease the Griddle or Pan","Cook the Pancakes","Flip the Pancakes","Serve","Serve with Toppings"]
    },
    {
    "id": 29,
    "title": "Malai Kofta",
    "img": "/images/malai kofta.jpg",
    "description":"Take your boring salads up a knotch. This recipe is perfect for lunch and only contains 5 ingredients!",
    "ingredients": ["1 cup all-purpose flour", "2 tablespoons sugar","teaspoon baking powder","1/2 teaspoon baking soda","1/4 teaspoon salt",
    "1 cup buttermilk (or 1 cup milk with 1 tablespoon white vinegar or lemon juice)","1 large egg","2 tablespoons unsalted butter, melted",
    "1 teaspoon vanilla extract (optional)","Cooking oil or butter for greasing the pan"],
    "steps": ["Preheat Your Griddle or Pan", "Prepare the Dry Ingredients","Prepare the Wet Ingredients","Combine Wet and Dry Ingredients",
    "Grease the Griddle or Pan","Cook the Pancakes","Flip the Pancakes","Serve","Serve with Toppings"]
    }
]
