[
    {
        "id": 31,
        "img": "/images/choco_delight_milkshake.jpg",
        "title": "Choco Delight",
        "isFavorite": false,
        "description": "Take your boring salads up a knotch. This recipe is perfect for lunch and only contains 5 ingredients!",
        "ingredients": ["1 cup all-purpose flour", "2 tablespoons sugar","teaspoon baking powder","1/2 teaspoon baking soda","1/4 teaspoon salt",
    "1 cup buttermilk (or 1 cup milk with 1 tablespoon white vinegar or lemon juice)","1 large egg","2 tablespoons unsalted butter, melted",
"1 teaspoon vanilla extract (optional)","Cooking oil or butter for greasing the pan"],
      "steps": ["Preheat Your Griddle or Pan", "Prepare the Dry Ingredients","Prepare the Wet Ingredients","Combine Wet and Dry Ingredients",
    "Grease the Griddle or Pan","Cook the Pancakes","Flip the Pancakes","Serve","Serve with Toppings"]
    },
    {
        "id":32,
        "img":"/images/strawberrymilkshake.jpg",
        "title":"Strawberry Milkshake",
        "isFavorite": false,
        "description":"Baked Cod with Vegetables. 30 minute meal!",
        "ingredients": ["1 cup all-purpose flour", "2 tablespoons sugar","teaspoon baking powder","1/2 teaspoon baking soda","1/4 teaspoon salt",
    "1 cup buttermilk (or 1 cup milk with 1 tablespoon white vinegar or lemon juice)","1 large egg","2 tablespoons unsalted butter, melted",
"1 teaspoon vanilla extract (optional)","Cooking oil or butter for greasing the pan"],
      "steps": ["Preheat Your Griddle or Pan", "Prepare the Dry Ingredients","Prepare the Wet Ingredients","Combine Wet and Dry Ingredients",
    "Grease the Griddle or Pan","Cook the Pancakes","Flip the Pancakes","Serve","Serve with Toppings"]
    },
    {
        "id":33,
        "img":"/images/chocomilkshake.jpg",
        "title":"Chocolate Milkshake",
        "isFavorite": false,
        "description":"Fear Risotto no more! This simple recipe is perfect for family dinners.",
        "ingredients": ["1 cup all-purpose flour", "2 tablespoons sugar","teaspoon baking powder","1/2 teaspoon baking soda","1/4 teaspoon salt",
    "1 cup buttermilk (or 1 cup milk with 1 tablespoon white vinegar or lemon juice)","1 large egg","2 tablespoons unsalted butter, melted",
"1 teaspoon vanilla extract (optional)","Cooking oil or butter for greasing the pan"],
      "steps": ["Preheat Your Griddle or Pan", "Prepare the Dry Ingredients","Prepare the Wet Ingredients","Combine Wet and Dry Ingredients",
    "Grease the Griddle or Pan","Cook the Pancakes","Flip the Pancakes","Serve","Serve with Toppings"]
    },
  {
    "id": 34,
    "title": "Coco Overload Milkshake",
    "isFavorite": false,
    "img": "/images/Choco Overload milk.jpg",
    "description":"Take your boring salads up a knotch. This recipe is perfect for lunch and only contains 5 ingredients!",
    "ingredients": ["1 cup all-purpose flour", "2 tablespoons sugar","teaspoon baking powder","1/2 teaspoon baking soda","1/4 teaspoon salt",
    "1 cup buttermilk (or 1 cup milk with 1 tablespoon white vinegar or lemon juice)","1 large egg","2 tablespoons unsalted butter, melted",
"1 teaspoon vanilla extract (optional)","Cooking oil or butter for greasing the pan"],
      "steps": ["Preheat Your Griddle or Pan", "Prepare the Dry Ingredients","Prepare the Wet Ingredients","Combine Wet and Dry Ingredients",
    "Grease the Griddle or Pan","Cook the Pancakes","Flip the Pancakes","Serve","Serve with Toppings"]
  },
  {
    "id": 35,
    "title": "Banana Milkshake",
    "img": "/images/Banana shake.jpg",
    "isFavorite": false,
    "description":"Take your boring salads up a knotch. This recipe is perfect for lunch and only contains 5 ingredients!",
    "ingredients": ["1 cup all-purpose flour", "2 tablespoons sugar","teaspoon baking powder","1/2 teaspoon baking soda","1/4 teaspoon salt",
    "1 cup buttermilk (or 1 cup milk with 1 tablespoon white vinegar or lemon juice)","1 large egg","2 tablespoons unsalted butter, melted",
"1 teaspoon vanilla extract (optional)","Cooking oil or butter for greasing the pan"],
      "steps": ["Preheat Your Griddle or Pan", "Prepare the Dry Ingredients","Prepare the Wet Ingredients","Combine Wet and Dry Ingredients",
    "Grease the Griddle or Pan","Cook the Pancakes","Flip the Pancakes","Serve","Serve with Toppings"]
  }
  ]
  