[
    {
        "id": 1,
        "img": "/images/pepper stcks.webp",
        "title": "Pepper Sticks",
        "isFavorite": false,
        "description": "Take your boring salads up a knotch. This recipe is perfect for lunch and only contains 5 ingredients!",
        "ingredients": ["1 lb chicken strips", "1 bell pepper (sliced)", "1 onion (sliced)", "2 cloves garlic (minced)", "2 tbsp soy sauce", 
        "1 tsp black pepper", "1 tsp oil", "Skewers for grilling"],
      "steps": [
        "Thread chicken, bell pepper, and onion onto skewers.",
        "Mix garlic, soy sauce, black pepper, and oil for marinade.",
        "Coat skewers with marinade, then grill until cooked."
        ]
    },
    {
        "id":2,
        "img":"/images/tandoori-chicken.jpg",
        "title":"Tandoori Chicken",
        "isFavorite": false,
        "description":"Fear Risotto no more! This simple recipe is perfect for family dinners.",
        "ingredients": ["375 grams Chicken", "2 tbsp sugar", "1 tsp baking powder", "1/2 tsp baking soda", "1/4 tsp salt", "1 cup buttermilk (or 1 cup milk with 1 tbsp white vinegar or lemon juice)", "1 large egg",
         "2 tbsp unsalted butter (melted)", "1 tsp vanilla extract (optional)", "Cooking oil or butter for greasing the pan"],
      "steps": ["Preheat griddle or pan.",
      "Prepare dry ingredients.",
      "Prepare wet ingredients.",
      "Combine wet and dry ingredients.",
      "Grease griddle or pan.",
      "Cook the pancakes and flip."]
    },
    {
        "id":3,
        "img":"/images/grilled chick.jpg",
        "title":"Grilled Chicken",
        "isFavorite": false,
        "description":"Baked Cod with Vegetables. 30 minute meal!",
        "ingredients": [ "375 grams Chicken",
        "2 tablespoons olive oil",
        "1 teaspoon salt",
        "1 teaspoon black pepper",
        "1 teaspoon paprika",
        "1 teaspoon garlic powder",
        "1 teaspoon onion powder",
        "1/2 teaspoon cayenne pepper",
        "1 tablespoon lemon juice",
        "1 tablespoon fresh herbs (e.g., thyme, rosemary)",
        "Cooking spray for greasing the grill"],
      "steps": [ "Preheat the grill to medium-high heat.",
      "In a bowl, mix olive oil, salt, pepper, paprika, garlic powder, onion powder, cayenne pepper, and lemon juice to create a marinade.",
      "Coat the chicken with the marinade and let it sit for 30 minutes.",
      "Grease the grill with cooking spray.",
      "Grill the chicken for 6-8 minutes per side or until it reaches an internal temperature of 165°F (74°C).",
      "Garnish with fresh herbs and serve."]
    },
  {
    "id": 4,
    "title": "Paneer Tikka",
    "img": "/images/Paneer tikka.jpg",
    "isFavorite": false,
    "description":"Take your boring salads up a knotch. This recipe is perfect for lunch and only contains 5 ingredients!",
    "ingredients":  [
      "250 grams paneer (cottage cheese), cubed",
      "1/2 cup yogurt",
      "1 tablespoon ginger-garlic paste",
      "1 tablespoon tikka masala",
      "1 tablespoon lemon juice",
      "1 tablespoon oil",
      "Salt to taste",
      "Wooden skewers, soaked in water",
      "Chopped coriander leaves and lemon wedges for garnish"
    ],
      "steps": [
        "In a bowl, mix yogurt, ginger-garlic paste, tikka masala, lemon juice, oil, and salt to create a marinade.",
        "Add the paneer cubes to the marinade and coat them well. Let it marinate for 30 minutes.",
        "Thread the marinated paneer onto wooden skewers.",
        "Preheat the grill to medium-high heat and grease the grates.",
        "Grill the paneer skewers for 10-12 minutes, turning occasionally until they are charred and cooked through.",
        "Garnish with chopped coriander leaves and lemon wedges before serving."
      ]
  },
  {
    "id": 5,
    "title": "Honey Chicken",
    "img": "/images/Honey Chicken.jpg",
    "isFavorite": false,
    "description":"Take your boring salads up a knotch. This recipe is perfect for lunch and only contains 5 ingredients!",
    "ingredients":  [
      "400 grams chicken breast, diced",
      "2 tablespoons honey",
      "2 tablespoons soy sauce",
      "1 tablespoon olive oil",
      "1 teaspoon garlic, minced",
      "1/2 teaspoon ginger, minced",
      "Salt and pepper to taste",
      "Sesame seeds and chopped green onions for garnish"
    ],
      "steps":  [
        "In a bowl, mix honey, soy sauce, olive oil, minced garlic, minced ginger, salt, and pepper to create a marinade.",
        "Add the diced chicken to the marinade and let it marinate for 20-30 minutes.",
        "Heat a skillet over medium-high heat and add the marinated chicken. Cook until browned and cooked through.",
        "Garnish with sesame seeds and chopped green onions before serving."
      ]
  },
  {
    "id": 6,
    "title": "Vadai",
    "img": "/images/vadai.jpg",
    "isFavorite": false,
    "description":"Take your boring salads up a knotch. This recipe is perfect for lunch and only contains 5 ingredients!",
    "ingredients": [ "1 cup urad dal (black gram dal), soaked for 3-4 hours",
    "2-3 green chilies, finely chopped",
    "1 onion, finely chopped",
    "A handful of curry leaves, chopped",
    "1 teaspoon cumin seeds",
    "Salt to taste",
    "Oil for frying"],
      "steps": [  "Drain and grind the soaked urad dal into a smooth batter. Add a little water if needed.",
      "In a bowl, mix the ground urad dal batter, chopped green chilies, chopped onion, chopped curry leaves, cumin seeds, and salt.",
      "Heat oil in a pan for deep frying.",
      "Take a small portion of the batter and flatten it to form a vada shape.",
      "Fry the vadas in hot oil until they turn golden brown and crispy.",
      "Remove and drain excess oil on paper towels. Serve hot."]
  },
  {
    "id": 7,
    "title": "Bonda",
    "img": "/images/bonda.jpg",
    "isFavorite": false,
    "description":"Take your boring salads up a knotch. This recipe is perfect for lunch and only contains 5 ingredients!",
    "ingredients": [  "1 cup gram flour (besan)",
    "1/2 cup rice flour",
    "2-3 green chilies, finely chopped",
    "1 onion, finely chopped",
    "A handful of curry leaves, chopped",
    "1 teaspoon cumin seeds",
    "1/2 teaspoon baking soda",
    "Salt to taste",
    "Oil for frying"],
      "steps": [  "In a bowl, mix gram flour, rice flour, chopped green chilies, chopped onion, chopped curry leaves, cumin seeds, baking soda, and salt.",
      "Add water gradually to make a thick batter.",
      "Heat oil in a pan for deep frying.",
      "Take small portions of the batter and drop them into the hot oil.",
      "Fry the bondas until they turn golden brown and crispy.",
      "Remove and drain excess oil on paper towels. Serve hot."]
  },
  {
    "id":8,
    "img":"/images/Chicken-Barbeque-Kebab.jpg",
    "title":"Chicken Kebab",
    "isFavorite": false,
    "description":"Baked Cod with Vegetables. 30 minute meal!",
    "ingredients": ["1 cup all-purpose flour", "2 tablespoons sugar","teaspoon baking powder","1/2 teaspoon baking soda","1/4 teaspoon salt",
"1 cup buttermilk (or 1 cup milk with 1 tablespoon white vinegar or lemon juice)","1 large egg","2 tablespoons unsalted butter, melted",
"1 teaspoon vanilla extract (optional)","Cooking oil or butter for greasing the pan"],
  "steps": ["Preheat Your Griddle or Pan", "Prepare the Dry Ingredients","Prepare the Wet Ingredients","Combine Wet and Dry Ingredients",
"Grease the Griddle or Pan","Cook the Pancakes","Flip the Pancakes","Serve","Serve with Toppings"]
}
  ]
  