[
    {
        "id": 9,
        "img": "/images/gulab.jpg",
        "isFavorite": false,
        "title": "Gulab Jamun",
        "description": "Take your boring salads up a knotch. This recipe is perfect for lunch and only contains 5 ingredients!",
        "ingredients":  ["1 cup milk powder", "1/4 cup all-purpose flour", "1/4 cup ghee", "1/4 cup milk", "1/4 tsp baking soda", "Oil for frying", "1 1/2 cups sugar", "1 1/2 cups water", 
        "1/2 tsp cardamom powder", "Saffron strands (optional)", "Rose water or essence (optional)"],
      "steps": ["Mix milk powder, flour, ghee, milk, and baking soda into a smooth dough.",
      "Roll into small balls and fry.",
      "Make sugar syrup, add cardamom, saffron, and rose flavoring.",
      "Soak fried balls in syrup and serve."]
    },
    {
        "id":10,
        "isFavorite": false,
        "img":"/images/banana pan.jpg",
        "title":"Banana Pancake",
        "description":"Fear Risotto no more! This simple recipe is perfect for family dinners.",
        "ingredients": ["1 cup all-purpose flour", "2 tbsp sugar", "1 tsp baking powder", "1/2 tsp baking soda", "1/4 tsp salt", "1 cup buttermilk", 
        "1 large egg", "2 ripe bananas (mashed)", "2 tbsp melted butter", "1 tsp vanilla extract"],
      "steps": [
        "Whisk dry ingredients in a bowl.",
        "Combine egg, buttermilk, mashed bananas, melted butter, and vanilla.",
        "Mix wet ingredients into dry ingredients.",
        "Heat griddle, pour batter, cook until bubbles form, then flip and cook until golden."
        ]
    },
    {
        "id":11,
        "isFavorite": false,
        "img":"/images/brownie wit.jpg",
        "title":"Choco Overload Brownie",
        "description":"Baked Cod with Vegetables. 30 minute meal!",
        "ingredients": ["1 cup butter", "2 cups sugar", "4 large eggs", "1 tsp vanilla extract", "1 cup all-purpose flour", 
        "1/2 cup cocoa powder", "1/4 tsp salt", "1/4 tsp baking powder", "1 cup chopped nuts (optional)"],
      "steps": ["Preheat oven to 350°F (175°C).",
                "Melt the butter in a saucepan.",
                "Stir in sugar, eggs, and vanilla.",
                "Combine flour, cocoa, baking powder, and salt.",
                "Add the chocolate mixture to dry ingredients.",
                "Stir in nuts if desired.",
                "Spread batter in a greased 9x13 inch baking pan.",
                "Bake for 30-35 minutes, then cool and cut into squares."]
    },
  {
    "id": 12,
    "title": "Cocoa Cake",
    "isFavorite": false,
    "img": "/images/cocoa cake.jpg",
    "description":"Take your boring salads up a knotch. This recipe is perfect for lunch and only contains 5 ingredients!",
    "ingredients":  ["1 3/4 cups all-purpose flour", "1 1/2 cups sugar", "3/4 cup cocoa powder", "1 1/2 tsp baking powder", "1 1/2 tsp baking soda", "1 tsp salt", 
    "2 eggs", "1 cup buttermilk", "1/2 cup vegetable oil", "2 tsp vanilla extract", "1 cup boiling water"],
      "steps": ["Preheat oven to 350°F (175°C).",
      "Grease and flour two 9-inch round cake pans.",
      "Sift together dry ingredients.",
      "Add eggs, buttermilk, oil, and vanilla; beat until smooth.",
      "Stir in boiling water until combined.",
      "Pour batter into pans and bake for 30-35 minutes.",
      "Cool in pans for 10 minutes, then remove and cool on racks.",
      "Frost as desired."]
  },
  {
    "id": 13,
    "title": "Choco Waffle",
    "isFavorite": false,
    "img": "/images/choco waffle.jpg",
    "description":"Take your boring salads up a knotch. This recipe is perfect for lunch and only contains 5 ingredients!",
    "ingredients": ["2 cups all-purpose flour", "2 tbsp sugar", "1 tbsp baking powder", "1/2 tsp salt", 
    "2 eggs", "1 3/4 cups milk", "1/2 cup vegetable oil", "1 tsp vanilla extract"],
      "steps": ["Preheat waffle iron.",
      "Whisk dry ingredients together.",
      "Combine eggs, milk, oil, and vanilla.",
      "Mix wet ingredients into dry ingredients.",
      "Grease waffle iron, pour batter, and cook according to instructions."]
  },
  {
    "id": 14,
    "title": "Jalebi",
    "isFavorite": false,
    "img": "/images/jalebi.jpg",
    "description":"Take your boring salads up a knotch. This recipe is perfect for lunch and only contains 5 ingredients!",
    "ingredients":  ["1 cup all-purpose flour", "1 tsp gram flour (besan)", "1/2 tsp baking soda", "1/4 tsp saffron threads (optional)", 
    "1 cup sugar", "1/2 cup water", "Oil for frying", "1/2 tsp cardamom powder", "1 tsp lemon juice"],
      "steps": [ "Mix flours, baking soda, and saffron in a bowl.",
      "Add water and lemon juice for a smooth batter; let it ferment.",
      "Make sugar syrup by heating sugar and water.",
      "Add cardamom powder to syrup and keep it warm.",
      "Fry batter spirals, dip in syrup, and serve warm."]
  },
  {
    "id": 15,
    "title": "Biscuit Tiramisu",
    "isFavorite": false,
    "img": "/images/biscuit tiramisu.jpg",
    "description":"Take your boring salads up a knotch. This recipe is perfect for lunch and only contains 5 ingredients!",
    "ingredients": ["6 egg yolks", "3/4 cup sugar", "8 oz mascarpone cheese", "1 1/2 cups heavy cream", 
    "2 cups brewed coffee, cooled", "1/4 cup coffee liqueur (optional)", "Ladyfingers", "Cocoa powder for dusting"],
      "steps": [ "Whisk egg yolks and sugar in a heatproof bowl.",
              "Heat the mixture until thickened, then let it cool.",
              "Beat mascarpone cheese until smooth.",
              "Whip heavy cream to stiff peaks and fold into mascarpone mixture.",
              "Combine cooled egg mixture with mascarpone mixture.",
              "Dip ladyfingers in coffee and arrange in a dish.",
              "Spread mascarpone mixture over ladyfingers.",
              "Repeat layers, refrigerate, and dust with cocoa powder before serving."]
  },
  {
    "id": 16,
    "title": "Rasgulla",
    "isFavorite": false,
    "img": "/images/Rasgulla.jpg",
    "description":"Take your boring salads up a knotch. This recipe is perfect for lunch and only contains 5 ingredients!",
    "ingredients": ["1 cup all-purpose flour", "2 tablespoons sugar","teaspoon baking powder","1/2 teaspoon baking soda","1/4 teaspoon salt",
    "1 cup buttermilk (or 1 cup milk with 1 tablespoon white vinegar or lemon juice)","1 large egg","2 tablespoons unsalted butter, melted",
"1 teaspoon vanilla extract (optional)","Cooking oil or butter for greasing the pan"],
      "steps": ["Preheat Your Griddle or Pan", "Prepare the Dry Ingredients","Prepare the Wet Ingredients","Combine Wet and Dry Ingredients",
    "Grease the Griddle or Pan","Cook the Pancakes","Flip the Pancakes","Serve","Serve with Toppings"]
  }
  ]
  